Recipe Name,All Ingredients,Cuisine Type,Cooking Time (mins),Difficulty,Calories,Vegetarian / Non-Vegetarian,Short Description
Paneer Butter Masala,"paneer, cream, butter, tomato puree, garam masala, kasuri methi, red chili powder, onion, garlic",West Indian,79,Easy,422,Vegetarian,A delicious Indian dish made with fresh vegetables.
Chicken Biryani,"chicken, yogurt, lemon juice, chili powder, ginger garlic paste, garam masala, butter",East Indian,83,Easy,376,Vegetarian,A delicious Indian dish made with authentic taste.
Masala Dosa,"chicken, yogurt, lemon juice, chili powder, ginger garlic paste, garam masala, butter",East Indian,34,Medium,346,Vegetarian,A delicious Indian dish made with aromatic spices.
Chole Bhature,"semolina, mustard seeds, curry leaves, green chili, onion, ghee, salt, cashews",North Indian,77,Medium,474,Non-Vegetarian,A delicious Indian dish made with flavorful masala.
Rajma Chawal,"spinach, paneer, cream, garlic, onion, green chili, cumin seeds, salt, oil",North Indian,31,Hard,484,Non-Vegetarian,A delicious Indian dish made with fresh vegetables.
Aloo Gobi,"basmati rice, mixed vegetables, cumin seeds, garam masala, turmeric, ghee, salt",East Indian,84,Easy,696,Vegetarian,A delicious Indian dish made with flavorful masala.
Dal Makhani,"spinach, paneer, cream, garlic, onion, green chili, cumin seeds, salt, oil",West Indian,72,Medium,268,Non-Vegetarian,A delicious Indian dish made with rich gravy.
Palak Paneer,"chickpeas, onion, tomato, cumin, ginger, garlic, garam masala, chili powder, coriander leaves",North Indian,44,Easy,535,Vegetarian,A delicious Indian dish made with aromatic spices.
Hyderabadi Biryani,"potato, cauliflower, mustard seeds, cumin, turmeric, green chili, coriander, oil, salt",South Indian,56,Easy,664,Non-Vegetarian,A delicious Indian dish made with authentic taste.
Veg Pulao,"paneer, cream, butter, tomato puree, garam masala, kasuri methi, red chili powder, onion, garlic",North Indian,88,Medium,336,Vegetarian,A delicious Indian dish made with aromatic spices.
Pav Bhaji,"onion, tomato, garlic, ginger, green chili, cumin seeds, coriander powder, turmeric, salt, oil",East Indian,32,Easy,235,Vegetarian,A delicious Indian dish made with rich gravy.
Kadai Paneer,"chicken, yogurt, lemon juice, chili powder, ginger garlic paste, garam masala, butter",West Indian,67,Hard,266,Non-Vegetarian,A delicious Indian dish made with aromatic spices.
Butter Chicken,"basmati rice, mixed vegetables, cumin seeds, garam masala, turmeric, ghee, salt",South Indian,37,Medium,390,Vegetarian,A delicious Indian dish made with authentic taste.
Matar Paneer,"potato, cauliflower, mustard seeds, cumin, turmeric, green chili, coriander, oil, salt",East Indian,26,Hard,268,Non-Vegetarian,A delicious Indian dish made with rich gravy.
Baingan Bharta,"rice, chicken, yogurt, saffron, ghee, fried onions, coriander, mint, spices, salt",East Indian,78,Medium,690,Vegetarian,A delicious Indian dish made with authentic taste.
Tandoori Chicken,"spinach, paneer, cream, garlic, onion, green chili, cumin seeds, salt, oil",North Indian,32,Hard,262,Non-Vegetarian,A delicious Indian dish made with authentic taste.
Samosa,"spinach, paneer, cream, garlic, onion, green chili, cumin seeds, salt, oil",South Indian,29,Easy,659,Vegetarian,A delicious Indian dish made with fresh vegetables.
Idli Sambhar,"paneer, cream, butter, tomato puree, garam masala, kasuri methi, red chili powder, onion, garlic",West Indian,37,Medium,652,Non-Vegetarian,A delicious Indian dish made with authentic taste.
Vada Pav,"spinach, paneer, cream, garlic, onion, green chili, cumin seeds, salt, oil",West Indian,65,Medium,301,Non-Vegetarian,A delicious Indian dish made with fresh vegetables.
Poha,"chickpeas, onion, tomato, cumin, ginger, garlic, garam masala, chili powder, coriander leaves",West Indian,34,Hard,199,Non-Vegetarian,A delicious Indian dish made with rich gravy.
Upma,"onion, tomato, garlic, ginger, green chili, cumin seeds, coriander powder, turmeric, salt, oil",East Indian,89,Easy,558,Non-Vegetarian,A delicious Indian dish made with authentic taste.
Kheer,"rice, chicken, yogurt, saffron, ghee, fried onions, coriander, mint, spices, salt",East Indian,88,Easy,510,Non-Vegetarian,A delicious Indian dish made with aromatic spices.
Rasgulla,"onion, tomato, garlic, ginger, green chili, cumin seeds, coriander powder, turmeric, salt, oil",West Indian,77,Easy,317,Non-Vegetarian,A delicious Indian dish made with authentic taste.
Gulab Jamun,"paneer, cream, butter, tomato puree, garam masala, kasuri methi, red chili powder, onion, garlic",East Indian,20,Easy,431,Vegetarian,A delicious Indian dish made with authentic taste.
Dhokla,"chickpeas, onion, tomato, cumin, ginger, garlic, garam masala, chili powder, coriander leaves",East Indian,23,Easy,277,Non-Vegetarian,A delicious Indian dish made with fresh vegetables.
Pani Puri,"lentils, kidney beans, cream, butter, ginger, garlic, tomato puree, garam masala, chili powder",East Indian,42,Medium,633,Non-Vegetarian,A delicious Indian dish made with authentic taste.
Aloo Paratha,"onion, tomato, garlic, ginger, green chili, cumin seeds, coriander powder, turmeric, salt, oil",South Indian,77,Easy,280,Non-Vegetarian,A delicious Indian dish made with rich gravy.
Roti,"basmati rice, mixed vegetables, cumin seeds, garam masala, turmeric, ghee, salt",West Indian,69,Medium,575,Non-Vegetarian,A delicious Indian dish made with rich gravy.
Poori Bhaji,"rice, chicken, yogurt, saffron, ghee, fried onions, coriander, mint, spices, salt",West Indian,46,Medium,363,Vegetarian,A delicious Indian dish made with fresh vegetables.
Mysore Pak,"chickpeas, onion, tomato, cumin, ginger, garlic, garam masala, chili powder, coriander leaves",West Indian,84,Medium,302,Non-Vegetarian,A delicious Indian dish made with rich gravy.
Fish Curry,"paneer, cream, butter, tomato puree, garam masala, kasuri methi, red chili powder, onion, garlic",East Indian,24,Easy,535,Vegetarian,A delicious Indian dish made with flavorful masala.
Mutton Rogan Josh,"paneer, cream, butter, tomato puree, garam masala, kasuri methi, red chili powder, onion, garlic",North Indian,34,Hard,467,Vegetarian,A delicious Indian dish made with fresh vegetables.
Pesarattu,"lentils, kidney beans, cream, butter, ginger, garlic, tomato puree, garam masala, chili powder",West Indian,37,Hard,639,Non-Vegetarian,A delicious Indian dish made with aromatic spices.
Appam,"chickpeas, onion, tomato, cumin, ginger, garlic, garam masala, chili powder, coriander leaves",South Indian,81,Easy,510,Non-Vegetarian,A delicious Indian dish made with flavorful masala.
Malai Kofta,"chickpeas, onion, tomato, cumin, ginger, garlic, garam masala, chili powder, coriander leaves",South Indian,73,Easy,663,Non-Vegetarian,A delicious Indian dish made with flavorful masala.
Bhindi Masala,"onion, tomato, garlic, ginger, green chili, cumin seeds, coriander powder, turmeric, salt, oil",North Indian,24,Medium,462,Non-Vegetarian,A delicious Indian dish made with rich gravy.
Methi Thepla,"rice, chicken, yogurt, saffron, ghee, fried onions, coriander, mint, spices, salt",East Indian,68,Easy,561,Non-Vegetarian,A delicious Indian dish made with rich gravy.
Bisi Bele Bath,"basmati rice, mixed vegetables, cumin seeds, garam masala, turmeric, ghee, salt",North Indian,19,Medium,292,Vegetarian,A delicious Indian dish made with rich gravy.
Litti Chokha,"onion, tomato, garlic, ginger, green chili, cumin seeds, coriander powder, turmeric, salt, oil",South Indian,74,Easy,579,Vegetarian,A delicious Indian dish made with rich gravy.
Kofta Curry,"chickpeas, onion, tomato, cumin, ginger, garlic, garam masala, chili powder, coriander leaves",West Indian,53,Medium,363,Non-Vegetarian,A delicious Indian dish made with rich gravy.
Dum Aloo,"chicken, yogurt, lemon juice, chili powder, ginger garlic paste, garam masala, butter",East Indian,45,Easy,396,Non-Vegetarian,A delicious Indian dish made with authentic taste.
Aloo Tikki,"rice, chicken, yogurt, saffron, ghee, fried onions, coriander, mint, spices, salt",West Indian,68,Hard,688,Vegetarian,A delicious Indian dish made with authentic taste.
Chicken Tikka,"semolina, mustard seeds, curry leaves, green chili, onion, ghee, salt, cashews",North Indian,45,Hard,262,Vegetarian,A delicious Indian dish made with flavorful masala.
Paneer Tikka,"chickpeas, onion, tomato, cumin, ginger, garlic, garam masala, chili powder, coriander leaves",South Indian,39,Easy,312,Non-Vegetarian,A delicious Indian dish made with rich gravy.
Vegetable Biryani,"paneer, cream, butter, tomato puree, garam masala, kasuri methi, red chili powder, onion, garlic",South Indian,17,Hard,447,Non-Vegetarian,A delicious Indian dish made with aromatic spices.
Khichdi,"lentils, kidney beans, cream, butter, ginger, garlic, tomato puree, garam masala, chili powder",East Indian,82,Medium,469,Non-Vegetarian,A delicious Indian dish made with flavorful masala.
Egg Curry,"chicken, yogurt, lemon juice, chili powder, ginger garlic paste, garam masala, butter",East Indian,85,Hard,411,Vegetarian,A delicious Indian dish made with rich gravy.
Vegetable Korma,"chicken, yogurt, lemon juice, chili powder, ginger garlic paste, garam masala, butter",North Indian,54,Easy,402,Non-Vegetarian,A delicious Indian dish made with aromatic spices.
Sambar Rice,"paneer, cream, butter, tomato puree, garam masala, kasuri methi, red chili powder, onion, garlic",North Indian,88,Medium,174,Non-Vegetarian,A delicious Indian dish made with fresh vegetables.
Tomato Rasam,"rice, chicken, yogurt, saffron, ghee, fried onions, coriander, mint, spices, salt",East Indian,37,Hard,292,Vegetarian,A delicious Indian dish made with rich gravy.
Hyderabadi Biryani Special,"basmati rice, mixed vegetables, cumin seeds, garam masala, turmeric, ghee, salt",West Indian,81,Medium,678,Non-Vegetarian,A delicious Indian dish made with authentic taste.
Kofta Curry Fusion,"paneer, cream, butter, tomato puree, garam masala, kasuri methi, red chili powder, onion, garlic",North Indian,47,Medium,509,Non-Vegetarian,A delicious Indian dish made with rich gravy.
Khichdi Delight,"basmati rice, mixed vegetables, cumin seeds, garam masala, turmeric, ghee, salt",East Indian,63,Easy,301,Vegetarian,A delicious Indian dish made with fresh vegetables.
Chicken Biryani Royal,"lentils, kidney beans, cream, butter, ginger, garlic, tomato puree, garam masala, chili powder",East Indian,58,Medium,202,Non-Vegetarian,A delicious Indian dish made with rich gravy.
Vegetable Biryani Special,"chicken, yogurt, lemon juice, chili powder, ginger garlic paste, garam masala, butter",North Indian,80,Hard,491,Non-Vegetarian,A delicious Indian dish made with aromatic spices.
Mysore Pak Royal,"potato, cauliflower, mustard seeds, cumin, turmeric, green chili, coriander, oil, salt",North Indian,36,Medium,183,Vegetarian,A delicious Indian dish made with fresh vegetables.
Vegetable Biryani Delight,"paneer, cream, butter, tomato puree, garam masala, kasuri methi, red chili powder, onion, garlic",East Indian,35,Hard,257,Non-Vegetarian,A delicious Indian dish made with rich gravy.
Baingan Bharta Special,"potato, cauliflower, mustard seeds, cumin, turmeric, green chili, coriander, oil, salt",East Indian,68,Easy,542,Non-Vegetarian,A delicious Indian dish made with aromatic spices.
Fish Curry Classic,"chicken, yogurt, lemon juice, chili powder, ginger garlic paste, garam masala, butter",West Indian,78,Medium,532,Vegetarian,A delicious Indian dish made with flavorful masala.
Mysore Pak Royal Royal,"basmati rice, mixed vegetables, cumin seeds, garam masala, turmeric, ghee, salt",South Indian,36,Hard,510,Vegetarian,A delicious Indian dish made with authentic taste.
Paneer Butter Masala Classic,"rice, chicken, yogurt, saffron, ghee, fried onions, coriander, mint, spices, salt",South Indian,23,Easy,586,Vegetarian,A delicious Indian dish made with authentic taste.
Mysore Pak Special,"rice, chicken, yogurt, saffron, ghee, fried onions, coriander, mint, spices, salt",West Indian,27,Hard,348,Non-Vegetarian,A delicious Indian dish made with authentic taste.
Fish Curry Classic Classic,"spinach, paneer, cream, garlic, onion, green chili, cumin seeds, salt, oil",West Indian,68,Easy,162,Vegetarian,A delicious Indian dish made with aromatic spices.
Fish Curry Delight,"rice, chicken, yogurt, saffron, ghee, fried onions, coriander, mint, spices, salt",East Indian,72,Hard,307,Non-Vegetarian,A delicious Indian dish made with authentic taste.
Aloo Paratha Fusion,"rice, chicken, yogurt, saffron, ghee, fried onions, coriander, mint, spices, salt",West Indian,37,Hard,404,Vegetarian,A delicious Indian dish made with authentic taste.
Upma Classic,"semolina, mustard seeds, curry leaves, green chili, onion, ghee, salt, cashews",East Indian,28,Easy,187,Non-Vegetarian,A delicious Indian dish made with authentic taste.
Egg Curry Classic,"semolina, mustard seeds, curry leaves, green chili, onion, ghee, salt, cashews",West Indian,54,Easy,297,Non-Vegetarian,A delicious Indian dish made with aromatic spices.
Matar Paneer Classic,"chicken, yogurt, lemon juice, chili powder, ginger garlic paste, garam masala, butter",North Indian,55,Hard,357,Non-Vegetarian,A delicious Indian dish made with aromatic spices.
Fish Curry Delight Delight,"potato, cauliflower, mustard seeds, cumin, turmeric, green chili, coriander, oil, salt",South Indian,49,Hard,457,Non-Vegetarian,A delicious Indian dish made with rich gravy.
Vegetable Biryani Special Delight,"rice, chicken, yogurt, saffron, ghee, fried onions, coriander, mint, spices, salt",North Indian,58,Hard,537,Vegetarian,A delicious Indian dish made with flavorful masala.
Rasgulla Delight,"lentils, kidney beans, cream, butter, ginger, garlic, tomato puree, garam masala, chili powder",East Indian,77,Hard,358,Non-Vegetarian,A delicious Indian dish made with rich gravy.
Dal Makhani Delight,"rice, chicken, yogurt, saffron, ghee, fried onions, coriander, mint, spices, salt",East Indian,31,Easy,571,Vegetarian,A delicious Indian dish made with flavorful masala.
Fish Curry Delight Delight Delight,"lentils, kidney beans, cream, butter, ginger, garlic, tomato puree, garam masala, chili powder",West Indian,62,Hard,179,Vegetarian,A delicious Indian dish made with rich gravy.
Rasgulla Delight Delight,"potato, cauliflower, mustard seeds, cumin, turmeric, green chili, coriander, oil, salt",North Indian,67,Hard,436,Vegetarian,A delicious Indian dish made with rich gravy.
Chicken Biryani Royal Classic,"onion, tomato, garlic, ginger, green chili, cumin seeds, coriander powder, turmeric, salt, oil",South Indian,89,Medium,231,Non-Vegetarian,A delicious Indian dish made with flavorful masala.
Paneer Butter Masala Classic,"basmati rice, mixed vegetables, cumin seeds, garam masala, turmeric, ghee, salt",North Indian,50,Medium,255,Non-Vegetarian,A delicious Indian dish made with rich gravy.
Bhindi Masala Classic,"chickpeas, onion, tomato, cumin, ginger, garlic, garam masala, chili powder, coriander leaves",South Indian,18,Medium,430,Non-Vegetarian,A delicious Indian dish made with fresh vegetables.
Chicken Biryani Royal Classic Classic,"semolina, mustard seeds, curry leaves, green chili, onion, ghee, salt, cashews",West Indian,67,Medium,630,Vegetarian,A delicious Indian dish made with fresh vegetables.
Methi Thepla Classic,"semolina, mustard seeds, curry leaves, green chili, onion, ghee, salt, cashews",North Indian,41,Easy,692,Vegetarian,A delicious Indian dish made with authentic taste.
Matar Paneer Classic Classic,"lentils, kidney beans, cream, butter, ginger, garlic, tomato puree, garam masala, chili powder",North Indian,27,Medium,666,Non-Vegetarian,A delicious Indian dish made with aromatic spices.
Matar Paneer Royal,"potato, cauliflower, mustard seeds, cumin, turmeric, green chili, coriander, oil, salt",East Indian,44,Hard,700,Vegetarian,A delicious Indian dish made with flavorful masala.
Kheer Royal,"basmati rice, mixed vegetables, cumin seeds, garam masala, turmeric, ghee, salt",East Indian,56,Hard,250,Vegetarian,A delicious Indian dish made with aromatic spices.
Fish Curry Delight Royal,"spinach, paneer, cream, garlic, onion, green chili, cumin seeds, salt, oil",South Indian,57,Easy,233,Vegetarian,A delicious Indian dish made with aromatic spices.
Dhokla Classic,"lentils, kidney beans, cream, butter, ginger, garlic, tomato puree, garam masala, chili powder",East Indian,76,Medium,429,Non-Vegetarian,A delicious Indian dish made with flavorful masala.
Chicken Biryani Royal Fusion,"potato, cauliflower, mustard seeds, cumin, turmeric, green chili, coriander, oil, salt",South Indian,19,Medium,407,Vegetarian,A delicious Indian dish made with rich gravy.
Matar Paneer Classic Classic Fusion,"chicken, yogurt, lemon juice, chili powder, ginger garlic paste, garam masala, butter",South Indian,87,Medium,513,Non-Vegetarian,A delicious Indian dish made with rich gravy.
Rasgulla Delight Fusion,"onion, tomato, garlic, ginger, green chili, cumin seeds, coriander powder, turmeric, salt, oil",South Indian,54,Easy,671,Vegetarian,A delicious Indian dish made with rich gravy.
Fish Curry Delight Royal Fusion,"rice, chicken, yogurt, saffron, ghee, fried onions, coriander, mint, spices, salt",East Indian,43,Medium,511,Non-Vegetarian,A delicious Indian dish made with authentic taste.
Khichdi Delight Classic,"basmati rice, mixed vegetables, cumin seeds, garam masala, turmeric, ghee, salt",West Indian,69,Easy,570,Vegetarian,A delicious Indian dish made with authentic taste.
Fish Curry Delight Royal Fusion Royal,"potato, cauliflower, mustard seeds, cumin, turmeric, green chili, coriander, oil, salt",West Indian,84,Medium,684,Non-Vegetarian,A delicious Indian dish made with aromatic spices.
Idli Sambhar Royal,"lentils, kidney beans, cream, butter, ginger, garlic, tomato puree, garam masala, chili powder",North Indian,26,Easy,341,Vegetarian,A delicious Indian dish made with authentic taste.
Vegetable Korma Delight,"semolina, mustard seeds, curry leaves, green chili, onion, ghee, salt, cashews",North Indian,52,Medium,355,Non-Vegetarian,A delicious Indian dish made with flavorful masala.
Rajma Chawal Classic,"paneer, cream, butter, tomato puree, garam masala, kasuri methi, red chili powder, onion, garlic",West Indian,70,Hard,435,Non-Vegetarian,A delicious Indian dish made with authentic taste.
Methi Thepla Classic,"onion, tomato, garlic, ginger, green chili, cumin seeds, coriander powder, turmeric, salt, oil",South Indian,74,Hard,479,Non-Vegetarian,A delicious Indian dish made with flavorful masala.
Dum Aloo Classic,"paneer, cream, butter, tomato puree, garam masala, kasuri methi, red chili powder, onion, garlic",South Indian,60,Easy,153,Vegetarian,A delicious Indian dish made with fresh vegetables.
Paneer Butter Masala Delight,"spinach, paneer, cream, garlic, onion, green chili, cumin seeds, salt, oil",East Indian,35,Easy,669,Non-Vegetarian,A delicious Indian dish made with flavorful masala.
Pani Puri Special,"rice, chicken, yogurt, saffron, ghee, fried onions, coriander, mint, spices, salt",East Indian,27,Hard,286,Vegetarian,A delicious Indian dish made with flavorful masala.
Vada Pav Delight,"rice, chicken, yogurt, saffron, ghee, fried onions, coriander, mint, spices, salt",East Indian,54,Hard,686,Non-Vegetarian,A delicious Indian dish made with flavorful masala.
Dhokla Classic Royal,"spinach, paneer, cream, garlic, onion, green chili, cumin seeds, salt, oil",East Indian,35,Medium,578,Non-Vegetarian,A delicious Indian dish made with fresh vegetables.
Bhindi Masala Royal,"lentils, kidney beans, cream, butter, ginger, garlic, tomato puree, garam masala, chili powder",East Indian,88,Easy,550,Vegetarian,A delicious Indian dish made with authentic taste.
Matar Paneer Classic Classic Fusion,"onion, tomato, garlic, ginger, green chili, cumin seeds, coriander powder, turmeric, salt, oil",North Indian,88,Medium,397,Non-Vegetarian,A delicious Indian dish made with authentic taste.
Vegetable Biryani Delight Royal,"chickpeas, onion, tomato, cumin, ginger, garlic, garam masala, chili powder, coriander leaves",South Indian,34,Medium,334,Vegetarian,A delicious Indian dish made with authentic taste.
Egg Curry Special,"potato, cauliflower, mustard seeds, cumin, turmeric, green chili, coriander, oil, salt",West Indian,81,Easy,177,Vegetarian,A delicious Indian dish made with fresh vegetables.
Dum Aloo Royal,"lentils, kidney beans, cream, butter, ginger, garlic, tomato puree, garam masala, chili powder",East Indian,50,Hard,368,Vegetarian,A delicious Indian dish made with rich gravy.
Litti Chokha Fusion,"lentils, kidney beans, cream, butter, ginger, garlic, tomato puree, garam masala, chili powder",East Indian,78,Easy,330,Non-Vegetarian,A delicious Indian dish made with fresh vegetables.
Upma Classic Fusion,"paneer, cream, butter, tomato puree, garam masala, kasuri methi, red chili powder, onion, garlic",South Indian,42,Easy,273,Non-Vegetarian,A delicious Indian dish made with flavorful masala.
Poori Bhaji Fusion,"rice, chicken, yogurt, saffron, ghee, fried onions, coriander, mint, spices, salt",West Indian,59,Medium,659,Vegetarian,A delicious Indian dish made with flavorful masala.
Dal Makhani Fusion,"lentils, kidney beans, cream, butter, ginger, garlic, tomato puree, garam masala, chili powder",North Indian,32,Easy,696,Non-Vegetarian,A delicious Indian dish made with fresh vegetables.
Rajma Chawal Classic Classic,"chicken, yogurt, lemon juice, chili powder, ginger garlic paste, garam masala, butter",North Indian,31,Hard,476,Non-Vegetarian,A delicious Indian dish made with authentic taste.
Aloo Paratha Fusion,"onion, tomato, garlic, ginger, green chili, cumin seeds, coriander powder, turmeric, salt, oil",South Indian,67,Easy,584,Non-Vegetarian,A delicious Indian dish made with fresh vegetables.
Khichdi Delight Delight,"lentils, kidney beans, cream, butter, ginger, garlic, tomato puree, garam masala, chili powder",West Indian,43,Easy,673,Vegetarian,A delicious Indian dish made with aromatic spices.
Dum Aloo Royal Fusion,"chickpeas, onion, tomato, cumin, ginger, garlic, garam masala, chili powder, coriander leaves",South Indian,53,Easy,652,Vegetarian,A delicious Indian dish made with aromatic spices.
Litti Chokha Fusion Special,"basmati rice, mixed vegetables, cumin seeds, garam masala, turmeric, ghee, salt",East Indian,45,Hard,420,Non-Vegetarian,A delicious Indian dish made with fresh vegetables.
Egg Curry Royal,"onion, tomato, garlic, ginger, green chili, cumin seeds, coriander powder, turmeric, salt, oil",East Indian,31,Hard,455,Vegetarian,A delicious Indian dish made with rich gravy.
Egg Curry Royal Classic,"chicken, yogurt, lemon juice, chili powder, ginger garlic paste, garam masala, butter",North Indian,61,Medium,303,Non-Vegetarian,A delicious Indian dish made with authentic taste.
Sambar Rice Royal,"semolina, mustard seeds, curry leaves, green chili, onion, ghee, salt, cashews",North Indian,70,Easy,351,Non-Vegetarian,A delicious Indian dish made with flavorful masala.
Rajma Chawal Royal,"semolina, mustard seeds, curry leaves, green chili, onion, ghee, salt, cashews",North Indian,55,Hard,500,Vegetarian,A delicious Indian dish made with flavorful masala.
Aloo Paratha Fusion Royal,"onion, tomato, garlic, ginger, green chili, cumin seeds, coriander powder, turmeric, salt, oil",East Indian,48,Easy,444,Vegetarian,A delicious Indian dish made with rich gravy.
Appam Delight,"semolina, mustard seeds, curry leaves, green chili, onion, ghee, salt, cashews",West Indian,57,Easy,249,Vegetarian,A delicious Indian dish made with authentic taste.
Tandoori Chicken Classic,"chicken, yogurt, lemon juice, chili powder, ginger garlic paste, garam masala, butter",East Indian,53,Medium,256,Non-Vegetarian,A delicious Indian dish made with aromatic spices.
Dum Aloo Royal Fusion Classic,"onion, tomato, garlic, ginger, green chili, cumin seeds, coriander powder, turmeric, salt, oil",West Indian,35,Hard,167,Non-Vegetarian,A delicious Indian dish made with authentic taste.
Bhindi Masala Royal Classic,"onion, tomato, garlic, ginger, green chili, cumin seeds, coriander powder, turmeric, salt, oil",West Indian,79,Easy,484,Vegetarian,A delicious Indian dish made with aromatic spices.
Tandoori Chicken Special,"paneer, cream, butter, tomato puree, garam masala, kasuri methi, red chili powder, onion, garlic",North Indian,35,Hard,152,Non-Vegetarian,A delicious Indian dish made with flavorful masala.
Khichdi Delight Classic,"basmati rice, mixed vegetables, cumin seeds, garam masala, turmeric, ghee, salt",South Indian,22,Easy,388,Vegetarian,A delicious Indian dish made with rich gravy.
Sambar Rice Classic,"onion, tomato, garlic, ginger, green chili, cumin seeds, coriander powder, turmeric, salt, oil",East Indian,59,Easy,361,Vegetarian,A delicious Indian dish made with aromatic spices.
Khichdi Delight Classic Fusion,"rice, chicken, yogurt, saffron, ghee, fried onions, coriander, mint, spices, salt",North Indian,19,Hard,580,Vegetarian,A delicious Indian dish made with authentic taste.
Dhokla Special,"chicken, yogurt, lemon juice, chili powder, ginger garlic paste, garam masala, butter",West Indian,32,Easy,212,Vegetarian,A delicious Indian dish made with flavorful masala.
Poori Bhaji Fusion Delight,"rice, chicken, yogurt, saffron, ghee, fried onions, coriander, mint, spices, salt",South Indian,32,Easy,210,Vegetarian,A delicious Indian dish made with fresh vegetables.
Poha Fusion,"potato, cauliflower, mustard seeds, cumin, turmeric, green chili, coriander, oil, salt",North Indian,42,Hard,540,Vegetarian,A delicious Indian dish made with aromatic spices.
Bhindi Masala Royal Classic,"chicken, yogurt, lemon juice, chili powder, ginger garlic paste, garam masala, butter",East Indian,22,Hard,658,Non-Vegetarian,A delicious Indian dish made with fresh vegetables.
Rajma Chawal Royal Special,"semolina, mustard seeds, curry leaves, green chili, onion, ghee, salt, cashews",West Indian,69,Medium,525,Vegetarian,A delicious Indian dish made with fresh vegetables.
Paneer Butter Masala Classic Royal,"lentils, kidney beans, cream, butter, ginger, garlic, tomato puree, garam masala, chili powder",North Indian,50,Hard,173,Vegetarian,A delicious Indian dish made with rich gravy.
Bhindi Masala Royal Classic,"lentils, kidney beans, cream, butter, ginger, garlic, tomato puree, garam masala, chili powder",West Indian,16,Hard,250,Vegetarian,A delicious Indian dish made with rich gravy.
Bhindi Masala Royal Classic,"chickpeas, onion, tomato, cumin, ginger, garlic, garam masala, chili powder, coriander leaves",West Indian,59,Hard,439,Vegetarian,A delicious Indian dish made with aromatic spices.
Tandoori Chicken Classic,"paneer, cream, butter, tomato puree, garam masala, kasuri methi, red chili powder, onion, garlic",East Indian,47,Easy,631,Non-Vegetarian,A delicious Indian dish made with aromatic spices.
Masala Dosa Classic,"semolina, mustard seeds, curry leaves, green chili, onion, ghee, salt, cashews",North Indian,86,Easy,457,Non-Vegetarian,A delicious Indian dish made with fresh vegetables.
Tandoori Chicken Special,"basmati rice, mixed vegetables, cumin seeds, garam masala, turmeric, ghee, salt",South Indian,34,Hard,356,Non-Vegetarian,A delicious Indian dish made with rich gravy.
Dal Makhani Fusion Delight,"basmati rice, mixed vegetables, cumin seeds, garam masala, turmeric, ghee, salt",North Indian,46,Medium,390,Non-Vegetarian,A delicious Indian dish made with rich gravy.
Paneer Butter Masala Classic Classic,"chicken, yogurt, lemon juice, chili powder, ginger garlic paste, garam masala, butter",South Indian,83,Hard,427,Non-Vegetarian,A delicious Indian dish made with fresh vegetables.
Rasgulla Delight Classic,"paneer, cream, butter, tomato puree, garam masala, kasuri methi, red chili powder, onion, garlic",West Indian,66,Easy,669,Non-Vegetarian,A delicious Indian dish made with rich gravy.
Chicken Tikka Delight,"onion, tomato, garlic, ginger, green chili, cumin seeds, coriander powder, turmeric, salt, oil",West Indian,28,Easy,673,Non-Vegetarian,A delicious Indian dish made with authentic taste.
Rajma Chawal Classic Fusion,"potato, cauliflower, mustard seeds, cumin, turmeric, green chili, coriander, oil, salt",South Indian,69,Medium,233,Vegetarian,A delicious Indian dish made with flavorful masala.
Tandoori Chicken Classic Royal,"onion, tomato, garlic, ginger, green chili, cumin seeds, coriander powder, turmeric, salt, oil",North Indian,57,Hard,243,Vegetarian,A delicious Indian dish made with flavorful masala.
Pesarattu Delight,"chickpeas, onion, tomato, cumin, ginger, garlic, garam masala, chili powder, coriander leaves",East Indian,37,Hard,612,Vegetarian,A delicious Indian dish made with aromatic spices.
Gulab Jamun Royal,"lentils, kidney beans, cream, butter, ginger, garlic, tomato puree, garam masala, chili powder",North Indian,17,Hard,396,Vegetarian,A delicious Indian dish made with flavorful masala.
Aloo Paratha Fusion Royal Royal,"potato, cauliflower, mustard seeds, cumin, turmeric, green chili, coriander, oil, salt",North Indian,65,Hard,512,Non-Vegetarian,A delicious Indian dish made with authentic taste.
Bhindi Masala Royal Delight,"potato, cauliflower, mustard seeds, cumin, turmeric, green chili, coriander, oil, salt",North Indian,38,Easy,264,Non-Vegetarian,A delicious Indian dish made with authentic taste.
Bhindi Masala Royal Delight Classic,"semolina, mustard seeds, curry leaves, green chili, onion, ghee, salt, cashews",West Indian,71,Medium,555,Vegetarian,A delicious Indian dish made with fresh vegetables.
Dhokla Fusion,"semolina, mustard seeds, curry leaves, green chili, onion, ghee, salt, cashews",East Indian,68,Medium,572,Vegetarian,A delicious Indian dish made with fresh vegetables.
Samosa Classic,"onion, tomato, garlic, ginger, green chili, cumin seeds, coriander powder, turmeric, salt, oil",West Indian,60,Medium,485,Vegetarian,A delicious Indian dish made with flavorful masala.
Khichdi Delight Royal,"spinach, paneer, cream, garlic, onion, green chili, cumin seeds, salt, oil",North Indian,70,Medium,437,Vegetarian,A delicious Indian dish made with aromatic spices.
Aloo Paratha Fusion Classic,"semolina, mustard seeds, curry leaves, green chili, onion, ghee, salt, cashews",East Indian,90,Easy,152,Non-Vegetarian,A delicious Indian dish made with fresh vegetables.
Poha Fusion Delight,"chickpeas, onion, tomato, cumin, ginger, garlic, garam masala, chili powder, coriander leaves",East Indian,69,Medium,395,Non-Vegetarian,A delicious Indian dish made with aromatic spices.
Rajma Chawal Royal Special Classic,"lentils, kidney beans, cream, butter, ginger, garlic, tomato puree, garam masala, chili powder",West Indian,48,Easy,224,Non-Vegetarian,A delicious Indian dish made with authentic taste.
Vegetable Biryani Royal,"rice, chicken, yogurt, saffron, ghee, fried onions, coriander, mint, spices, salt",South Indian,63,Medium,588,Non-Vegetarian,A delicious Indian dish made with rich gravy.
Bhindi Masala Royal Delight Royal,"onion, tomato, garlic, ginger, green chili, cumin seeds, coriander powder, turmeric, salt, oil",North Indian,86,Hard,670,Non-Vegetarian,A delicious Indian dish made with authentic taste.
Samosa Royal,"potato, cauliflower, mustard seeds, cumin, turmeric, green chili, coriander, oil, salt",East Indian,45,Easy,445,Vegetarian,A delicious Indian dish made with flavorful masala.
Egg Curry Classic Delight,"semolina, mustard seeds, curry leaves, green chili, onion, ghee, salt, cashews",North Indian,53,Medium,155,Vegetarian,A delicious Indian dish made with authentic taste.
Dal Makhani Delight Classic,"basmati rice, mixed vegetables, cumin seeds, garam masala, turmeric, ghee, salt",South Indian,72,Easy,498,Vegetarian,A delicious Indian dish made with authentic taste.
Paneer Butter Masala Classic Classic Delight,"semolina, mustard seeds, curry leaves, green chili, onion, ghee, salt, cashews",North Indian,55,Easy,606,Non-Vegetarian,A delicious Indian dish made with authentic taste.
Vegetable Biryani Royal Royal,"basmati rice, mixed vegetables, cumin seeds, garam masala, turmeric, ghee, salt",East Indian,21,Medium,625,Vegetarian,A delicious Indian dish made with aromatic spices.
Dal Makhani Fusion Delight Delight,"lentils, kidney beans, cream, butter, ginger, garlic, tomato puree, garam masala, chili powder",West Indian,58,Easy,363,Vegetarian,A delicious Indian dish made with fresh vegetables.
Dum Aloo Classic,"rice, chicken, yogurt, saffron, ghee, fried onions, coriander, mint, spices, salt",North Indian,44,Medium,590,Vegetarian,A delicious Indian dish made with aromatic spices.
Chicken Biryani Royal Classic Classic Special,"onion, tomato, garlic, ginger, green chili, cumin seeds, coriander powder, turmeric, salt, oil",West Indian,40,Hard,389,Vegetarian,A delicious Indian dish made with rich gravy.
Hyderabadi Biryani Delight,"rice, chicken, yogurt, saffron, ghee, fried onions, coriander, mint, spices, salt",South Indian,45,Easy,235,Vegetarian,A delicious Indian dish made with rich gravy.
Rajma Chawal Classic Classic,"spinach, paneer, cream, garlic, onion, green chili, cumin seeds, salt, oil",North Indian,49,Medium,252,Vegetarian,A delicious Indian dish made with fresh vegetables.
Sambar Rice Royal,"potato, cauliflower, mustard seeds, cumin, turmeric, green chili, coriander, oil, salt",North Indian,45,Easy,464,Non-Vegetarian,A delicious Indian dish made with aromatic spices.
Upma Classic Fusion Delight,"basmati rice, mixed vegetables, cumin seeds, garam masala, turmeric, ghee, salt",North Indian,56,Easy,579,Vegetarian,A delicious Indian dish made with authentic taste.
Bhindi Masala Royal Classic Royal,"rice, chicken, yogurt, saffron, ghee, fried onions, coriander, mint, spices, salt",West Indian,30,Medium,270,Non-Vegetarian,A delicious Indian dish made with aromatic spices.
Bhindi Masala Classic Delight,"paneer, cream, butter, tomato puree, garam masala, kasuri methi, red chili powder, onion, garlic",South Indian,22,Medium,670,Vegetarian,A delicious Indian dish made with aromatic spices.
Baingan Bharta Special Delight,"rice, chicken, yogurt, saffron, ghee, fried onions, coriander, mint, spices, salt",South Indian,31,Easy,253,Non-Vegetarian,A delicious Indian dish made with fresh vegetables.
Matar Paneer Royal Fusion,"basmati rice, mixed vegetables, cumin seeds, garam masala, turmeric, ghee, salt",West Indian,62,Easy,194,Non-Vegetarian,A delicious Indian dish made with flavorful masala.
Litti Chokha Fusion Special Fusion,"lentils, kidney beans, cream, butter, ginger, garlic, tomato puree, garam masala, chili powder",South Indian,58,Easy,452,Non-Vegetarian,A delicious Indian dish made with fresh vegetables.
Vegetable Biryani Delight Royal Special,"spinach, paneer, cream, garlic, onion, green chili, cumin seeds, salt, oil",North Indian,41,Medium,221,Vegetarian,A delicious Indian dish made with flavorful masala.
Tandoori Chicken Classic Delight,"spinach, paneer, cream, garlic, onion, green chili, cumin seeds, salt, oil",South Indian,51,Hard,655,Non-Vegetarian,A delicious Indian dish made with flavorful masala.
Masala Dosa Classic Royal,"rice, chicken, yogurt, saffron, ghee, fried onions, coriander, mint, spices, salt",South Indian,39,Medium,194,Vegetarian,A delicious Indian dish made with rich gravy.
Methi Thepla Classic Fusion,"chickpeas, onion, tomato, cumin, ginger, garlic, garam masala, chili powder, coriander leaves",North Indian,65,Easy,555,Vegetarian,A delicious Indian dish made with aromatic spices.
Rajma Chawal Classic Fusion Fusion,"chicken, yogurt, lemon juice, chili powder, ginger garlic paste, garam masala, butter",South Indian,71,Medium,194,Vegetarian,A delicious Indian dish made with authentic taste.
Chicken Tikka Delight Royal,"chickpeas, onion, tomato, cumin, ginger, garlic, garam masala, chili powder, coriander leaves",West Indian,63,Hard,633,Non-Vegetarian,A delicious Indian dish made with rich gravy.
Fish Curry Classic Classic Classic,"basmati rice, mixed vegetables, cumin seeds, garam masala, turmeric, ghee, salt",East Indian,83,Easy,431,Non-Vegetarian,A delicious Indian dish made with authentic taste.
Roti Royal,"basmati rice, mixed vegetables, cumin seeds, garam masala, turmeric, ghee, salt",East Indian,25,Medium,517,Vegetarian,A delicious Indian dish made with fresh vegetables.
Paneer Tikka Delight,"lentils, kidney beans, cream, butter, ginger, garlic, tomato puree, garam masala, chili powder",East Indian,73,Medium,435,Non-Vegetarian,A delicious Indian dish made with fresh vegetables.
Vegetable Korma Classic,"onion, tomato, garlic, ginger, green chili, cumin seeds, coriander powder, turmeric, salt, oil",West Indian,42,Easy,411,Non-Vegetarian,A delicious Indian dish made with authentic taste.
Gulab Jamun Royal Royal,"lentils, kidney beans, cream, butter, ginger, garlic, tomato puree, garam masala, chili powder",West Indian,81,Medium,579,Vegetarian,A delicious Indian dish made with rich gravy.
Vegetable Biryani Special Delight,"chickpeas, onion, tomato, cumin, ginger, garlic, garam masala, chili powder, coriander leaves",South Indian,39,Medium,184,Vegetarian,A delicious Indian dish made with authentic taste.
Upma Royal,"semolina, mustard seeds, curry leaves, green chili, onion, ghee, salt, cashews",West Indian,69,Easy,302,Vegetarian,A delicious Indian dish made with fresh vegetables.
Bhindi Masala Royal Classic Royal,"semolina, mustard seeds, curry leaves, green chili, onion, ghee, salt, cashews",East Indian,53,Hard,368,Non-Vegetarian,A delicious Indian dish made with fresh vegetables.
Methi Thepla Fusion,"basmati rice, mixed vegetables, cumin seeds, garam masala, turmeric, ghee, salt",East Indian,83,Hard,626,Non-Vegetarian,A delicious Indian dish made with rich gravy.
Masala Dosa Classic,"semolina, mustard seeds, curry leaves, green chili, onion, ghee, salt, cashews",South Indian,54,Easy,536,Non-Vegetarian,A delicious Indian dish made with aromatic spices.
Rajma Chawal Classic Classic Classic,"spinach, paneer, cream, garlic, onion, green chili, cumin seeds, salt, oil",South Indian,55,Medium,630,Non-Vegetarian,A delicious Indian dish made with flavorful masala.
Dhokla Special,"rice, chicken, yogurt, saffron, ghee, fried onions, coriander, mint, spices, salt",South Indian,82,Medium,618,Non-Vegetarian,A delicious Indian dish made with rich gravy.
Pesarattu Classic,"spinach, paneer, cream, garlic, onion, green chili, cumin seeds, salt, oil",South Indian,47,Medium,484,Non-Vegetarian,A delicious Indian dish made with rich gravy.
Dum Aloo Classic Royal,"lentils, kidney beans, cream, butter, ginger, garlic, tomato puree, garam masala, chili powder",South Indian,51,Hard,176,Non-Vegetarian,A delicious Indian dish made with flavorful masala.
Tandoori Chicken Special Fusion,"chickpeas, onion, tomato, cumin, ginger, garlic, garam masala, chili powder, coriander leaves",South Indian,47,Medium,431,Vegetarian,A delicious Indian dish made with rich gravy.
Chole Bhature Special,"lentils, kidney beans, cream, butter, ginger, garlic, tomato puree, garam masala, chili powder",South Indian,68,Easy,547,Vegetarian,A delicious Indian dish made with fresh vegetables.
Vegetable Biryani Delight Royal Special Fusion,"rice, chicken, yogurt, saffron, ghee, fried onions, coriander, mint, spices, salt",South Indian,80,Medium,285,Non-Vegetarian,A delicious Indian dish made with flavorful masala.
Vegetable Biryani Special Delight Royal,"chickpeas, onion, tomato, cumin, ginger, garlic, garam masala, chili powder, coriander leaves",East Indian,33,Medium,165,Non-Vegetarian,A delicious Indian dish made with flavorful masala.
Fish Curry Classic Classic Classic,"chickpeas, onion, tomato, cumin, ginger, garlic, garam masala, chili powder, coriander leaves",West Indian,77,Hard,340,Vegetarian,A delicious Indian dish made with rich gravy.
Mutton Rogan Josh Fusion,"potato, cauliflower, mustard seeds, cumin, turmeric, green chili, coriander, oil, salt",South Indian,78,Medium,587,Non-Vegetarian,A delicious Indian dish made with fresh vegetables.
Vegetable Biryani Royal Royal Fusion,"basmati rice, mixed vegetables, cumin seeds, garam masala, turmeric, ghee, salt",West Indian,44,Medium,386,Vegetarian,A delicious Indian dish made with fresh vegetables.
Tandoori Chicken Classic Fusion,"paneer, cream, butter, tomato puree, garam masala, kasuri methi, red chili powder, onion, garlic",North Indian,90,Easy,661,Vegetarian,A delicious Indian dish made with flavorful masala.
Gulab Jamun Fusion,"potato, cauliflower, mustard seeds, cumin, turmeric, green chili, coriander, oil, salt",North Indian,19,Medium,482,Non-Vegetarian,A delicious Indian dish made with aromatic spices.
Dhokla Special Fusion,"onion, tomato, garlic, ginger, green chili, cumin seeds, coriander powder, turmeric, salt, oil",North Indian,42,Medium,188,Vegetarian,A delicious Indian dish made with fresh vegetables.
Fish Curry Delight Royal Fusion Royal,"basmati rice, mixed vegetables, cumin seeds, garam masala, turmeric, ghee, salt",South Indian,67,Medium,596,Vegetarian,A delicious Indian dish made with authentic taste.
Khichdi Delight Classic Fusion Royal,"chickpeas, onion, tomato, cumin, ginger, garlic, garam masala, chili powder, coriander leaves",South Indian,16,Hard,157,Vegetarian,A delicious Indian dish made with aromatic spices.
Bhindi Masala Special,"semolina, mustard seeds, curry leaves, green chili, onion, ghee, salt, cashews",East Indian,20,Easy,323,Non-Vegetarian,A delicious Indian dish made with fresh vegetables.
Tandoori Chicken Classic Fusion Delight,"rice, chicken, yogurt, saffron, ghee, fried onions, coriander, mint, spices, salt",West Indian,72,Hard,335,Vegetarian,A delicious Indian dish made with authentic taste.
Methi Thepla Special,"potato, cauliflower, mustard seeds, cumin, turmeric, green chili, coriander, oil, salt",South Indian,86,Medium,277,Vegetarian,A delicious Indian dish made with flavorful masala.
Fish Curry Delight Royal Fusion Classic,"rice, chicken, yogurt, saffron, ghee, fried onions, coriander, mint, spices, salt",North Indian,27,Medium,375,Vegetarian,A delicious Indian dish made with authentic taste.
Rasgulla Delight Delight Special,"semolina, mustard seeds, curry leaves, green chili, onion, ghee, salt, cashews",East Indian,50,Hard,367,Non-Vegetarian,A delicious Indian dish made with authentic taste.
Egg Curry Special Delight,"rice, chicken, yogurt, saffron, ghee, fried onions, coriander, mint, spices, salt",North Indian,52,Hard,637,Vegetarian,A delicious Indian dish made with rich gravy.
Egg Curry Special Special,"semolina, mustard seeds, curry leaves, green chili, onion, ghee, salt, cashews",North Indian,30,Easy,562,Vegetarian,A delicious Indian dish made with rich gravy.
Vegetable Biryani Special Fusion,"basmati rice, mixed vegetables, cumin seeds, garam masala, turmeric, ghee, salt",West Indian,78,Hard,369,Non-Vegetarian,A delicious Indian dish made with aromatic spices.
Poha Classic,"lentils, kidney beans, cream, butter, ginger, garlic, tomato puree, garam masala, chili powder",South Indian,63,Easy,471,Vegetarian,A delicious Indian dish made with rich gravy.
Tandoori Chicken Special Fusion Delight,"chicken, yogurt, lemon juice, chili powder, ginger garlic paste, garam masala, butter",South Indian,88,Easy,441,Non-Vegetarian,A delicious Indian dish made with aromatic spices.
Khichdi Delight Delight Classic,"potato, cauliflower, mustard seeds, cumin, turmeric, green chili, coriander, oil, salt",West Indian,70,Medium,562,Vegetarian,A delicious Indian dish made with rich gravy.
Matar Paneer Royal Classic,"chicken, yogurt, lemon juice, chili powder, ginger garlic paste, garam masala, butter",South Indian,58,Medium,646,Non-Vegetarian,A delicious Indian dish made with rich gravy.
Vegetable Biryani Royal Royal Fusion Fusion,"semolina, mustard seeds, curry leaves, green chili, onion, ghee, salt, cashews",East Indian,31,Hard,156,Vegetarian,A delicious Indian dish made with fresh vegetables.
Chole Bhature Royal,"spinach, paneer, cream, garlic, onion, green chili, cumin seeds, salt, oil",South Indian,16,Medium,640,Non-Vegetarian,A delicious Indian dish made with authentic taste.
Paneer Tikka Classic,"chicken, yogurt, lemon juice, chili powder, ginger garlic paste, garam masala, butter",West Indian,20,Hard,173,Vegetarian,A delicious Indian dish made with flavorful masala.
Bhindi Masala Royal Delight,"chicken, yogurt, lemon juice, chili powder, ginger garlic paste, garam masala, butter",North Indian,58,Easy,350,Non-Vegetarian,A delicious Indian dish made with fresh vegetables.
Methi Thepla Special Delight,"chickpeas, onion, tomato, cumin, ginger, garlic, garam masala, chili powder, coriander leaves",East Indian,59,Medium,554,Non-Vegetarian,A delicious Indian dish made with aromatic spices.
Upma Classic Fusion Delight,"paneer, cream, butter, tomato puree, garam masala, kasuri methi, red chili powder, onion, garlic",South Indian,35,Hard,357,Non-Vegetarian,A delicious Indian dish made with authentic taste.
Rajma Chawal Royal Special Classic Special,"rice, chicken, yogurt, saffron, ghee, fried onions, coriander, mint, spices, salt",East Indian,20,Easy,248,Non-Vegetarian,A delicious Indian dish made with fresh vegetables.
Vegetable Biryani Special Delight Fusion,"potato, cauliflower, mustard seeds, cumin, turmeric, green chili, coriander, oil, salt",South Indian,46,Easy,276,Non-Vegetarian,A delicious Indian dish made with rich gravy.
Aloo Paratha Fusion Delight,"chicken, yogurt, lemon juice, chili powder, ginger garlic paste, garam masala, butter",West Indian,19,Medium,339,Non-Vegetarian,A delicious Indian dish made with rich gravy.
Egg Curry Classic Fusion,"onion, tomato, garlic, ginger, green chili, cumin seeds, coriander powder, turmeric, salt, oil",North Indian,88,Easy,388,Non-Vegetarian,A delicious Indian dish made with flavorful masala.
Rajma Chawal Classic Fusion Delight,"chickpeas, onion, tomato, cumin, ginger, garlic, garam masala, chili powder, coriander leaves",North Indian,46,Medium,544,Vegetarian,A delicious Indian dish made with authentic taste.
Dhokla Special Delight,"chickpeas, onion, tomato, cumin, ginger, garlic, garam masala, chili powder, coriander leaves",North Indian,70,Easy,652,Non-Vegetarian,A delicious Indian dish made with fresh vegetables.
Tandoori Chicken Special,"semolina, mustard seeds, curry leaves, green chili, onion, ghee, salt, cashews",East Indian,54,Medium,224,Non-Vegetarian,A delicious Indian dish made with fresh vegetables.
Samosa Royal Delight,"spinach, paneer, cream, garlic, onion, green chili, cumin seeds, salt, oil",West Indian,83,Medium,669,Non-Vegetarian,A delicious Indian dish made with authentic taste.
Gulab Jamun Delight,"basmati rice, mixed vegetables, cumin seeds, garam masala, turmeric, ghee, salt",South Indian,86,Easy,603,Non-Vegetarian,A delicious Indian dish made with rich gravy.
Kadai Paneer Delight,"chicken, yogurt, lemon juice, chili powder, ginger garlic paste, garam masala, butter",North Indian,46,Medium,665,Vegetarian,A delicious Indian dish made with aromatic spices.
Fish Curry Delight Royal,"chicken, yogurt, lemon juice, chili powder, ginger garlic paste, garam masala, butter",West Indian,43,Medium,187,Vegetarian,A delicious Indian dish made with authentic taste.
Fish Curry Delight Royal Fusion,"basmati rice, mixed vegetables, cumin seeds, garam masala, turmeric, ghee, salt",South Indian,58,Hard,318,Vegetarian,A delicious Indian dish made with fresh vegetables.
Rasgulla Fusion,"basmati rice, mixed vegetables, cumin seeds, garam masala, turmeric, ghee, salt",South Indian,46,Easy,447,Non-Vegetarian,A delicious Indian dish made with authentic taste.
Kadai Paneer Delight Fusion,"spinach, paneer, cream, garlic, onion, green chili, cumin seeds, salt, oil",North Indian,33,Medium,517,Non-Vegetarian,A delicious Indian dish made with rich gravy.
Dhokla Classic Classic,"lentils, kidney beans, cream, butter, ginger, garlic, tomato puree, garam masala, chili powder",North Indian,49,Hard,353,Vegetarian,A delicious Indian dish made with rich gravy.
Rajma Chawal Royal Special Special,"chickpeas, onion, tomato, cumin, ginger, garlic, garam masala, chili powder, coriander leaves",East Indian,88,Medium,195,Vegetarian,A delicious Indian dish made with flavorful masala.
Matar Paneer Royal Classic Classic,"paneer, cream, butter, tomato puree, garam masala, kasuri methi, red chili powder, onion, garlic",East Indian,54,Medium,334,Non-Vegetarian,A delicious Indian dish made with aromatic spices.
Paneer Tikka Classic Fusion,"semolina, mustard seeds, curry leaves, green chili, onion, ghee, salt, cashews",South Indian,85,Easy,601,Vegetarian,A delicious Indian dish made with authentic taste.
Egg Curry Special Delight Fusion,"basmati rice, mixed vegetables, cumin seeds, garam masala, turmeric, ghee, salt",North Indian,64,Medium,255,Vegetarian,A delicious Indian dish made with aromatic spices.
Vegetable Biryani Special Delight Royal,"semolina, mustard seeds, curry leaves, green chili, onion, ghee, salt, cashews",East Indian,60,Easy,169,Non-Vegetarian,A delicious Indian dish made with authentic taste.
Bhindi Masala Royal Delight Fusion,"rice, chicken, yogurt, saffron, ghee, fried onions, coriander, mint, spices, salt",East Indian,88,Hard,662,Vegetarian,A delicious Indian dish made with rich gravy.
Rajma Chawal Classic Fusion Fusion,"paneer, cream, butter, tomato puree, garam masala, kasuri methi, red chili powder, onion, garlic",North Indian,46,Hard,246,Non-Vegetarian,A delicious Indian dish made with fresh vegetables.
Egg Curry Royal Classic Special,"lentils, kidney beans, cream, butter, ginger, garlic, tomato puree, garam masala, chili powder",North Indian,40,Hard,221,Non-Vegetarian,A delicious Indian dish made with flavorful masala.
Pesarattu Classic Delight,"basmati rice, mixed vegetables, cumin seeds, garam masala, turmeric, ghee, salt",East Indian,31,Easy,598,Vegetarian,A delicious Indian dish made with fresh vegetables.
Litti Chokha Fusion Special Fusion,"lentils, kidney beans, cream, butter, ginger, garlic, tomato puree, garam masala, chili powder",North Indian,16,Hard,662,Non-Vegetarian,A delicious Indian dish made with flavorful masala.
Idli Sambhar Fusion,"lentils, kidney beans, cream, butter, ginger, garlic, tomato puree, garam masala, chili powder",North Indian,32,Medium,316,Non-Vegetarian,A delicious Indian dish made with aromatic spices.
Gulab Jamun Royal Royal Classic,"onion, tomato, garlic, ginger, green chili, cumin seeds, coriander powder, turmeric, salt, oil",South Indian,44,Easy,188,Vegetarian,A delicious Indian dish made with authentic taste.
Hyderabadi Biryani Special,"chickpeas, onion, tomato, cumin, ginger, garlic, garam masala, chili powder, coriander leaves",South Indian,47,Easy,457,Non-Vegetarian,A delicious Indian dish made with aromatic spices.
Mysore Pak Special,"semolina, mustard seeds, curry leaves, green chili, onion, ghee, salt, cashews",East Indian,80,Hard,314,Vegetarian,A delicious Indian dish made with aromatic spices.
Poha Fusion Delight Fusion,"basmati rice, mixed vegetables, cumin seeds, garam masala, turmeric, ghee, salt",West Indian,66,Easy,302,Non-Vegetarian,A delicious Indian dish made with flavorful masala.
Upma Royal Fusion,"semolina, mustard seeds, curry leaves, green chili, onion, ghee, salt, cashews",East Indian,75,Hard,631,Vegetarian,A delicious Indian dish made with fresh vegetables.
Rajma Chawal Classic Fusion Fusion Royal,"semolina, mustard seeds, curry leaves, green chili, onion, ghee, salt, cashews",North Indian,44,Easy,462,Non-Vegetarian,A delicious Indian dish made with flavorful masala.
Sambar Rice Royal Fusion,"basmati rice, mixed vegetables, cumin seeds, garam masala, turmeric, ghee, salt",West Indian,34,Hard,579,Non-Vegetarian,A delicious Indian dish made with flavorful masala.
Dal Makhani Fusion Delight Delight Fusion,"paneer, cream, butter, tomato puree, garam masala, kasuri methi, red chili powder, onion, garlic",East Indian,80,Hard,673,Non-Vegetarian,A delicious Indian dish made with fresh vegetables.
Rajma Chawal Classic Fusion Delight Classic,"spinach, paneer, cream, garlic, onion, green chili, cumin seeds, salt, oil",East Indian,62,Easy,316,Non-Vegetarian,A delicious Indian dish made with flavorful masala.
Egg Curry Fusion,"lentils, kidney beans, cream, butter, ginger, garlic, tomato puree, garam masala, chili powder",West Indian,57,Easy,343,Non-Vegetarian,A delicious Indian dish made with flavorful masala.
Egg Curry Fusion Classic,"rice, chicken, yogurt, saffron, ghee, fried onions, coriander, mint, spices, salt",South Indian,81,Easy,446,Non-Vegetarian,A delicious Indian dish made with aromatic spices.
Vegetable Korma Classic Royal,"lentils, kidney beans, cream, butter, ginger, garlic, tomato puree, garam masala, chili powder",West Indian,16,Easy,642,Non-Vegetarian,A delicious Indian dish made with rich gravy.
Rajma Chawal Classic Delight,"spinach, paneer, cream, garlic, onion, green chili, cumin seeds, salt, oil",East Indian,81,Medium,307,Non-Vegetarian,A delicious Indian dish made with authentic taste.
Upma Classic Fusion Delight Fusion,"potato, cauliflower, mustard seeds, cumin, turmeric, green chili, coriander, oil, salt",East Indian,30,Easy,336,Non-Vegetarian,A delicious Indian dish made with aromatic spices.
Upma Classic Fusion Delight Special,"rice, chicken, yogurt, saffron, ghee, fried onions, coriander, mint, spices, salt",East Indian,19,Medium,285,Non-Vegetarian,A delicious Indian dish made with fresh vegetables.
Rajma Chawal Royal Special Special Delight,"paneer, cream, butter, tomato puree, garam masala, kasuri methi, red chili powder, onion, garlic",North Indian,24,Medium,447,Non-Vegetarian,A delicious Indian dish made with authentic taste.
Poha Royal,"paneer, cream, butter, tomato puree, garam masala, kasuri methi, red chili powder, onion, garlic",East Indian,68,Hard,516,Non-Vegetarian,A delicious Indian dish made with flavorful masala.
Pesarattu Delight Royal,"spinach, paneer, cream, garlic, onion, green chili, cumin seeds, salt, oil",North Indian,89,Hard,302,Non-Vegetarian,A delicious Indian dish made with authentic taste.
Rajma Chawal Classic Fusion Classic,"basmati rice, mixed vegetables, cumin seeds, garam masala, turmeric, ghee, salt",East Indian,37,Easy,394,Vegetarian,A delicious Indian dish made with aromatic spices.
Gulab Jamun Delight Delight,"spinach, paneer, cream, garlic, onion, green chili, cumin seeds, salt, oil",West Indian,29,Easy,647,Non-Vegetarian,A delicious Indian dish made with flavorful masala.
Khichdi Delight Classic Royal,"spinach, paneer, cream, garlic, onion, green chili, cumin seeds, salt, oil",East Indian,16,Easy,348,Vegetarian,A delicious Indian dish made with fresh vegetables.
Egg Curry Special Fusion,"chickpeas, onion, tomato, cumin, ginger, garlic, garam masala, chili powder, coriander leaves",South Indian,45,Medium,344,Non-Vegetarian,A delicious Indian dish made with rich gravy.
Dhokla Special Fusion Fusion,"onion, tomato, garlic, ginger, green chili, cumin seeds, coriander powder, turmeric, salt, oil",East Indian,67,Easy,164,Non-Vegetarian,A delicious Indian dish made with fresh vegetables.
Khichdi Delight Classic Delight,"basmati rice, mixed vegetables, cumin seeds, garam masala, turmeric, ghee, salt",East Indian,89,Medium,444,Non-Vegetarian,A delicious Indian dish made with fresh vegetables.
Tandoori Chicken Special Classic,"rice, chicken, yogurt, saffron, ghee, fried onions, coriander, mint, spices, salt",North Indian,61,Medium,669,Non-Vegetarian,A delicious Indian dish made with rich gravy.
Aloo Paratha Fusion Royal Classic,"onion, tomato, garlic, ginger, green chili, cumin seeds, coriander powder, turmeric, salt, oil",West Indian,79,Medium,190,Vegetarian,A delicious Indian dish made with rich gravy.
Paneer Tikka Delight Royal,"potato, cauliflower, mustard seeds, cumin, turmeric, green chili, coriander, oil, salt",North Indian,49,Medium,637,Non-Vegetarian,A delicious Indian dish made with aromatic spices.
Dhokla Fusion Delight,"paneer, cream, butter, tomato puree, garam masala, kasuri methi, red chili powder, onion, garlic",East Indian,53,Easy,676,Vegetarian,A delicious Indian dish made with flavorful masala.
Mutton Rogan Josh Fusion Delight,"onion, tomato, garlic, ginger, green chili, cumin seeds, coriander powder, turmeric, salt, oil",West Indian,45,Easy,353,Non-Vegetarian,A delicious Indian dish made with authentic taste.
Samosa Classic Classic,"semolina, mustard seeds, curry leaves, green chili, onion, ghee, salt, cashews",East Indian,22,Easy,520,Non-Vegetarian,A delicious Indian dish made with aromatic spices.
Poori Bhaji Fusion Royal,"onion, tomato, garlic, ginger, green chili, cumin seeds, coriander powder, turmeric, salt, oil",North Indian,67,Medium,196,Vegetarian,A delicious Indian dish made with flavorful masala.
Idli Sambhar Special,"potato, cauliflower, mustard seeds, cumin, turmeric, green chili, coriander, oil, salt",South Indian,60,Hard,502,Vegetarian,A delicious Indian dish made with aromatic spices.
Tandoori Chicken Special Delight,"lentils, kidney beans, cream, butter, ginger, garlic, tomato puree, garam masala, chili powder",East Indian,35,Hard,694,Vegetarian,A delicious Indian dish made with aromatic spices.
Methi Thepla Classic Delight,"basmati rice, mixed vegetables, cumin seeds, garam masala, turmeric, ghee, salt",North Indian,51,Easy,641,Non-Vegetarian,A delicious Indian dish made with fresh vegetables.
Paneer Butter Masala Classic Classic Delight Special,"chicken, yogurt, lemon juice, chili powder, ginger garlic paste, garam masala, butter",North Indian,24,Hard,424,Vegetarian,A delicious Indian dish made with aromatic spices.
Mysore Pak Special Classic,"lentils, kidney beans, cream, butter, ginger, garlic, tomato puree, garam masala, chili powder",South Indian,72,Medium,179,Non-Vegetarian,A delicious Indian dish made with aromatic spices.
Pav Bhaji Royal,"lentils, kidney beans, cream, butter, ginger, garlic, tomato puree, garam masala, chili powder",South Indian,53,Medium,152,Non-Vegetarian,A delicious Indian dish made with flavorful masala.
Pesarattu Royal,"spinach, paneer, cream, garlic, onion, green chili, cumin seeds, salt, oil",West Indian,30,Hard,403,Vegetarian,A delicious Indian dish made with flavorful masala.
Idli Sambhar Fusion Royal,"chicken, yogurt, lemon juice, chili powder, ginger garlic paste, garam masala, butter",East Indian,33,Easy,698,Vegetarian,A delicious Indian dish made with fresh vegetables.
Tandoori Chicken Special Delight Fusion,"paneer, cream, butter, tomato puree, garam masala, kasuri methi, red chili powder, onion, garlic",West Indian,48,Medium,281,Vegetarian,A delicious Indian dish made with aromatic spices.
Bhindi Masala Royal Classic Special,"basmati rice, mixed vegetables, cumin seeds, garam masala, turmeric, ghee, salt",South Indian,51,Medium,270,Vegetarian,A delicious Indian dish made with aromatic spices.
Bhindi Masala Classic Fusion,"rice, chicken, yogurt, saffron, ghee, fried onions, coriander, mint, spices, salt",West Indian,17,Medium,409,Vegetarian,A delicious Indian dish made with rich gravy.
Bhindi Masala Special Fusion,"spinach, paneer, cream, garlic, onion, green chili, cumin seeds, salt, oil",North Indian,23,Hard,197,Non-Vegetarian,A delicious Indian dish made with flavorful masala.
Bhindi Masala Royal Delight Classic Delight,"spinach, paneer, cream, garlic, onion, green chili, cumin seeds, salt, oil",East Indian,28,Easy,657,Non-Vegetarian,A delicious Indian dish made with aromatic spices.
Paneer Butter Masala Delight Classic,"basmati rice, mixed vegetables, cumin seeds, garam masala, turmeric, ghee, salt",West Indian,35,Medium,532,Vegetarian,A delicious Indian dish made with fresh vegetables.
Tandoori Chicken Special Delight Fusion Classic,"rice, chicken, yogurt, saffron, ghee, fried onions, coriander, mint, spices, salt",North Indian,47,Easy,462,Non-Vegetarian,A delicious Indian dish made with flavorful masala.
Fish Curry Delight Royal Fusion Royal Classic,"lentils, kidney beans, cream, butter, ginger, garlic, tomato puree, garam masala, chili powder",East Indian,26,Easy,254,Non-Vegetarian,A delicious Indian dish made with rich gravy.
Tandoori Chicken Special Delight Fusion Classic Classic,"paneer, cream, butter, tomato puree, garam masala, kasuri methi, red chili powder, onion, garlic",East Indian,25,Easy,416,Non-Vegetarian,A delicious Indian dish made with aromatic spices.
Hyderabadi Biryani Delight Fusion,"lentils, kidney beans, cream, butter, ginger, garlic, tomato puree, garam masala, chili powder",West Indian,27,Easy,476,Non-Vegetarian,A delicious Indian dish made with rich gravy.
Tandoori Chicken Special Classic Fusion,"chickpeas, onion, tomato, cumin, ginger, garlic, garam masala, chili powder, coriander leaves",West Indian,86,Medium,287,Vegetarian,A delicious Indian dish made with flavorful masala.
Dhokla Classic Classic,"onion, tomato, garlic, ginger, green chili, cumin seeds, coriander powder, turmeric, salt, oil",East Indian,28,Easy,666,Non-Vegetarian,A delicious Indian dish made with flavorful masala.
